import_batch,source_rank,source_name,url,source_category,source_subtype,region_raw,cost,api_raw,external_id,login_status,password_status,status_raw,notes,normalized_source_type,normalized_region,priority,api_available,scrape_candidate,requires_login,enabled_suggested,scan_frequency_hours,procurement_source_status,config_status_suggested,metadata_tags,next_action
lead_sources_2026_06_12,1,SAM.gov,https://sam.gov,Gov,Federal,National,Free,[API](https://open.gsa.gov/api/get-opportunities-public-api/),,,,,"1K/day limit, NAICS: 541330, 541512",sam_gov,national,low,true,false,false,true,72,approved,configured,gov;federal;national,Import as ProcurementSource and approve for configuration/scanning.
lead_sources_2026_06_12,2,USAspending.gov,https://www.usaspending.gov,Gov,Federal,National,Free,Yes,,,,,Historical award research,custom,national,low,true,false,false,true,72,approved,configured,gov;federal;national,Import as ProcurementSource and approve for configuration/scanning.
lead_sources_2026_06_12,3,GSA eBuy,https://www.ebuy.gsa.gov,Gov,Federal,National,Free,No,,,,,Requires GSA Schedule,custom,national,low,false,false,true,true,72,approved,manual,gov;federal;national,Create account or confirm credential requirements before enabling scans.
lead_sources_2026_06_12,4,DIBBS,https://www.dibbs.bsm.dla.mil,Gov,Federal,National,Free,No,,,,,Defense/military,custom,national,low,false,false,false,true,72,approved,manual,gov;federal;national,Import as ProcurementSource and approve for configuration/scanning.
lead_sources_2026_06_12,5,Army ASFI,https://acquisition.army.mil/asfi/,Gov,Federal,National,Free,No,,,,,Army contracts,custom,national,low,false,false,false,true,72,approved,manual,gov;federal;national,Import as ProcurementSource and approve for configuration/scanning.
lead_sources_2026_06_12,6,Navy NECO,https://www.neco.navy.mil,Gov,Federal,National,Free,No,,,,,Navy contracts,custom,national,low,false,false,false,true,72,approved,manual,gov;federal;national,Import as ProcurementSource and approve for configuration/scanning.
lead_sources_2026_06_12,7,DOE STRIPES,https://strfrnt.powerappsportals.us,Gov,Federal,National,Free,No,,,,,DOE small business,custom,national,low,false,false,false,true,72,approved,manual,gov;federal;national,Import as ProcurementSource and approve for configuration/scanning.
lead_sources_2026_06_12,8,Cal eProcure,https://caleprocure.ca.gov,Gov,State,CA,Free,Yes,,,,,State of CA contracts,cal_eprocure,ca,low,true,false,false,true,72,approved,configured,gov;state;ca,Import as ProcurementSource and approve for configuration/scanning.
lead_sources_2026_06_12,9,California DGS,https://www.dgs.ca.gov/PD/About/Page-Content/PD-Branch-Intro-702-702,Gov,State,CA,Free,No,,,,,State agency master contracts,cal_eprocure,ca,low,false,false,false,true,72,approved,manual,gov;state;ca,Import as ProcurementSource and approve for configuration/scanning.
lead_sources_2026_06_12,10,CalTrans,https://dot.ca.gov/programs/procurement-and-contracts,Gov,State,CA,Free,No,,,,,"Infrastructure, need DBE",cal_eprocure,ca,low,false,false,false,true,72,approved,manual,gov;state;ca,Import as ProcurementSource and approve for configuration/scanning.
lead_sources_2026_06_12,11,CA Water Boards,https://www.waterboards.ca.gov/resources/contracts/,Gov,State,CA,Free,No,,,,,Water/wastewater projects,cal_eprocure,ca,low,false,false,false,true,72,approved,manual,gov;state;ca,Import as ProcurementSource and approve for configuration/scanning.
lead_sources_2026_06_12,12,City of Irvine,https://vendors.planetbids.com/portal/47688/bo/bo-search,Gov,PlanetBids,OC,Free,Scrape,47688,,,,5% local pref,planetbids,oc,high,false,true,false,true,24,approved,found,gov;planetbids;oc,Import as ProcurementSource and approve for configuration/scanning.
lead_sources_2026_06_12,13,IRWD,https://vendors.planetbids.com/portal/47688/bo/bo-search,Gov,PlanetBids,OC,Free,Scrape,47688,,,,Water district,planetbids,oc,high,false,true,false,true,24,approved,found,gov;planetbids;oc,Import as ProcurementSource and approve for configuration/scanning.
lead_sources_2026_06_12,14,OC San,https://vendors.planetbids.com/portal/14058/bo/bo-search,Gov,PlanetBids,OC,Free,Scrape,14058,,,,SCADA-heavy,planetbids,oc,high,false,true,false,true,24,approved,found,gov;planetbids;oc,Import as ProcurementSource and approve for configuration/scanning.
lead_sources_2026_06_12,15,City of Anaheim,https://pbsystem.planetbids.com/portal/14424/bo/bo-search,Gov,PlanetBids,OC,Free,Scrape,14424,,,,High volume,planetbids,oc,high,false,true,false,true,24,approved,found,gov;planetbids;oc,Import as ProcurementSource and approve for configuration/scanning.
lead_sources_2026_06_12,16,City of Santa Ana,https://vendors.planetbids.com/portal/44601/bo/bo-search,Gov,PlanetBids,OC,Free,Scrape,44601,,,,30% local hire,planetbids,oc,high,false,true,false,true,24,approved,found,gov;planetbids;oc,Import as ProcurementSource and approve for configuration/scanning.
lead_sources_2026_06_12,17,City of Costa Mesa,https://pbsystem.planetbids.com/portal/22078/bo/bo-search,Gov,PlanetBids,OC,Free,Scrape,22078,,,,,planetbids,oc,high,false,true,false,true,24,approved,found,gov;planetbids;oc,Import as ProcurementSource and approve for configuration/scanning.
lead_sources_2026_06_12,18,City of Newport Beach,https://vendors.planetbids.com/portal/44601/bo/bo-search,Gov,PlanetBids,OC,Free,Scrape,44601,,,,,planetbids,oc,high,false,true,false,true,24,approved,found,gov;planetbids;oc,Import as ProcurementSource and approve for configuration/scanning.
lead_sources_2026_06_12,19,City of Huntington Beach,https://pbsystem.planetbids.com/portal/14058/bo/bo-search,Gov,PlanetBids,OC,Free,Scrape,14058,,,,5% local pref,planetbids,oc,high,false,true,false,true,24,approved,found,gov;planetbids;oc,Import as ProcurementSource and approve for configuration/scanning.
lead_sources_2026_06_12,20,City of Garden Grove,https://vendors.planetbids.com/portal/15118/bo/bo-search,Gov,PlanetBids,OC,Free,Scrape,15118,,,,367+ bids,planetbids,oc,high,false,true,false,true,24,approved,found,gov;planetbids;oc,Import as ProcurementSource and approve for configuration/scanning.
lead_sources_2026_06_12,21,City of Corona,https://pbsystem.planetbids.com/portal/39497/bo/bo-search,Gov,PlanetBids,IE,Free,Scrape,39497,,,,,planetbids,ie,high,false,true,false,true,24,approved,found,gov;planetbids;ie,Import as ProcurementSource and approve for configuration/scanning.
lead_sources_2026_06_12,22,City of San Bernardino,https://pbsystem.planetbids.com/portal/19236/bo/bo-search,Gov,PlanetBids,IE,Free,Scrape,19236,,,,5% local pref,planetbids,ie,high,false,true,false,true,24,approved,found,gov;planetbids;ie,Import as ProcurementSource and approve for configuration/scanning.
lead_sources_2026_06_12,23,City of Riverside,https://pbsystem.planetbids.com/portal/39475/bo/bo-search,Gov,PlanetBids,IE,Free,Scrape,39475,,,,$240M annual,planetbids,ie,high,false,true,false,true,24,approved,found,gov;planetbids;ie,Import as ProcurementSource and approve for configuration/scanning.
lead_sources_2026_06_12,24,Santa Margarita Water,https://vendors.planetbids.com/portal/52147/bo/bo-search,Gov,PlanetBids,OC,Free,Scrape,52147,,,,South OC,planetbids,oc,high,false,true,false,true,24,approved,found,gov;planetbids;oc,Import as ProcurementSource and approve for configuration/scanning.
lead_sources_2026_06_12,25,City of Laguna Beach,https://vendors.planetbids.com,Gov,PlanetBids,OC,Free,Scrape,,,,,Email notifications,planetbids,oc,high,false,true,false,true,24,approved,found,gov;planetbids;oc,Import as ProcurementSource and approve for configuration/scanning.
lead_sources_2026_06_12,26,County of Orange,https://procurement.opengov.com/portal/ocgov,Gov,OpenGov,OC,Free,Scrape,ocgov,,,,From BidSync 2023,opengov,oc,high,false,true,false,true,24,approved,found,gov;opengov;oc,Import as ProcurementSource and approve for configuration/scanning.
lead_sources_2026_06_12,27,OC Public Works,https://procurement.opengov.com/portal/ocgov,Gov,OpenGov,OC,Free,Scrape,ocgov,,,,Construction & engineering,opengov,oc,high,false,true,false,true,24,approved,found,gov;opengov;oc,Import as ProcurementSource and approve for configuration/scanning.
lead_sources_2026_06_12,28,City of Tustin,https://procurement.opengov.com/portal/tustin,Gov,OpenGov,OC,Free,Scrape,tustin,,,,From ProcureNow,opengov,oc,high,false,true,false,true,24,approved,found,gov;opengov;oc,Import as ProcurementSource and approve for configuration/scanning.
lead_sources_2026_06_12,29,City of Lake Forest,https://procurement.opengov.com/portal/lakeforestca,Gov,OpenGov,OC,Free,Scrape,lakeforestca,,,,,opengov,oc,high,false,true,false,true,24,approved,found,gov;opengov;oc,Import as ProcurementSource and approve for configuration/scanning.
lead_sources_2026_06_12,30,City of Fullerton,https://procurement.opengov.com/portal/cityoffullerton,Gov,OpenGov,OC,Free,Scrape,cityoffullerton,,,,NEW: July 2025,opengov,oc,high,false,true,false,true,24,approved,found,gov;opengov;oc,Import as ProcurementSource and approve for configuration/scanning.
lead_sources_2026_06_12,31,LA County,https://lacvss.lacounty.gov,Gov,Custom,LA,Free,No,,,,,"Huge, slow approval",custom,la,high,false,false,false,true,24,approved,manual,gov;custom;la,Import as ProcurementSource and approve for configuration/scanning.
lead_sources_2026_06_12,32,LA City BAVN,https://www.labavn.org,Gov,Custom,LA,Free,No,,,,,Diversity certs tracked,custom,la,high,false,false,false,true,24,approved,manual,gov;custom;la,Import as ProcurementSource and approve for configuration/scanning.
lead_sources_2026_06_12,33,San Diego County,https://panda.sdcounty.ca.gov,Gov,PANDA,SD,Free,No,,,,,SD County bids,custom,sd,high,false,false,false,true,24,approved,manual,gov;panda;sd,Import as ProcurementSource and approve for configuration/scanning.
lead_sources_2026_06_12,34,City of Long Beach,https://longbeach.gov/finance/business-info/purchasing-division/,Gov,Jaggaer,LA,Free,No,,,,,"""Long Beach Buys""",custom,la,high,false,false,false,true,24,approved,manual,gov;jaggaer;la,Import as ProcurementSource and approve for configuration/scanning.
lead_sources_2026_06_12,35,Riverside County,"https://www.publicpurchase.com/gems/riversidecounty,ca/buyer/public/publicInfo",Gov,PublicPurchase,IE,Free,No,,,,,,custom,ie,high,false,false,false,true,24,approved,manual,gov;publicpurchase;ie,Import as ProcurementSource and approve for configuration/scanning.
lead_sources_2026_06_12,36,San Bernardino County,https://epro.sbcounty.gov/bso/,Gov,ePro,IE,Free,Scrape,,,,,Open bids viewable,custom,ie,high,false,true,false,true,24,approved,found,gov;epro;ie,Import as ProcurementSource and approve for configuration/scanning.
lead_sources_2026_06_12,37,City of Mission Viejo,https://www.bidnetdirect.com/california/cityofmissionviejo,Gov,BidNet,OC,Free,No,,,,,,bidnet,oc,high,false,false,false,true,24,approved,manual,gov;bidnet;oc,Import as ProcurementSource and approve for configuration/scanning.
lead_sources_2026_06_12,38,LADWP,https://www.ladwp.com/doing-business-with-ladwp/procurement-contracts/current-bids,Gov,Utility,LA,Free,Scrape,,,,,"Water + power, automation",utility,la,high,false,true,false,true,24,approved,found,gov;utility;la,Import as ProcurementSource and approve for configuration/scanning.
lead_sources_2026_06_12,39,MWD (Metropolitan Water),https://www.mwdh2o.com/doing-business-with-mwd/,Gov,Utility,SoCal,Free,No,,,,,"Huge, competitive",utility,socal,high,false,false,false,true,24,approved,manual,gov;utility;socal,Import as ProcurementSource and approve for configuration/scanning.
lead_sources_2026_06_12,40,IEUA (Inland Empire),https://www.ieua.org/doing-business-with-us/,Gov,Utility,IE,Free,Scrape,,,,,IE water,utility,ie,high,false,true,false,true,24,approved,found,gov;utility;ie,Import as ProcurementSource and approve for configuration/scanning.
lead_sources_2026_06_12,41,OCWD,https://www.ocwd.com/doing-business-with-ocwd/,Gov,Utility,OC,Free,Scrape,,,,,OC water,utility,oc,high,false,true,false,true,24,approved,found,gov;utility;oc,Import as ProcurementSource and approve for configuration/scanning.
lead_sources_2026_06_12,42,EMWD (Eastern Municipal),https://www.emwd.org/doing-business-emwd,Gov,Utility,IE,Free,Scrape,,,,,Growing area,utility,ie,high,false,true,false,true,24,approved,found,gov;utility;ie,Import as ProcurementSource and approve for configuration/scanning.
lead_sources_2026_06_12,43,Port of Long Beach,https://polb.com/business/doing-business-with-us/,Gov,Port,LA,Free,No,,,,,Container automation,port,la,high,false,false,false,true,24,approved,manual,gov;port;la,Import as ProcurementSource and approve for configuration/scanning.
lead_sources_2026_06_12,44,Port of Los Angeles,https://www.portoflosangeles.org/business/contracting-opportunities,Gov,Port,LA,Free,No,,,,,Security requirements,port,la,high,false,false,false,true,24,approved,manual,gov;port;la,Import as ProcurementSource and approve for configuration/scanning.
lead_sources_2026_06_12,45,Irvine USD,https://iusd.org/business-services/purchasing/current-bids-rfps,Gov,School,OC,Free,Scrape,,,,,Separate facilities bids,school,oc,high,false,true,false,true,24,approved,found,gov;school;oc,Import as ProcurementSource and approve for configuration/scanning.
lead_sources_2026_06_12,46,Capistrano USD,https://www.capousd.org/subsites/Purchasing/Doing-Business/ACTIVE-Procurements/,Gov,School,OC,Free,Scrape,,,,,"Large district, south OC",school,oc,high,false,true,false,true,24,approved,found,gov;school;oc,Import as ProcurementSource and approve for configuration/scanning.
lead_sources_2026_06_12,47,Tustin USD,https://www.tustin.k12.ca.us/departments/business-services/maintenance-operations-facilities/bids,Gov,School,OC,Free,Scrape,,,,,Construction bids,school,oc,high,false,true,false,true,24,approved,found,gov;school;oc,Import as ProcurementSource and approve for configuration/scanning.
lead_sources_2026_06_12,48,Garden Grove USD,https://www.ggusd.us/departments/purchasing,Gov,School,OC,Free,Scrape,,,,,,school,oc,high,false,true,false,true,24,approved,found,gov;school;oc,Import as ProcurementSource and approve for configuration/scanning.
lead_sources_2026_06_12,49,HigherGov,https://www.highergov.com,Gov,Aggregator,National,~$200/mo,Yes,,,,,Federal + state,custom,national,low,true,false,false,true,72,approved,configured,gov;aggregator;national,Import as ProcurementSource and approve for configuration/scanning.
lead_sources_2026_06_12,50,BidPrime,https://www.bidprime.com,Gov,Aggregator,National,~$50/mo,Yes,,,,,Good alerts,custom,national,high,true,false,false,true,24,approved,configured,gov;aggregator;national,Import as ProcurementSource and approve for configuration/scanning.
lead_sources_2026_06_12,51,GovWin (Deltek),https://www.govwin.com,Gov,Aggregator,National,$$$$,Yes,,,,,Too expensive,custom,national,low,true,false,false,true,72,approved,configured,gov;aggregator;national,Import as ProcurementSource and approve for configuration/scanning.
lead_sources_2026_06_12,52,Onvia DemandStar,https://www.demandstar.com,Gov,Aggregator,National,~$100/mo,Yes,,,,,,custom,national,low,true,false,false,true,72,approved,configured,gov;aggregator;national,Import as ProcurementSource and approve for configuration/scanning.
lead_sources_2026_06_12,53,BidNet Direct,https://www.bidnetdirect.com/california/,Gov,Aggregator,CA,Free,No,,,,,Many CA cities,custom,ca,low,false,false,false,true,72,approved,manual,gov;aggregator;ca,Import as ProcurementSource and approve for configuration/scanning.
lead_sources_2026_06_12,54,FindRFP,https://www.findrfp.com,Gov,Aggregator,National,Free,No,,,,,Limited filtering,custom,national,low,false,false,false,true,72,approved,manual,gov;aggregator;national,Import as ProcurementSource and approve for configuration/scanning.
lead_sources_2026_06_12,55,ThomasNet,https://www.thomasnet.com,Directory,Manufacturing,National,Free,No,,,,,"500K+ mfrs, stale data",directory,national,low,false,false,false,true,72,approved,manual,directory;manufacturing;national,Import as ProcurementSource and approve for configuration/scanning.
lead_sources_2026_06_12,56,MFG.com,https://www.mfg.com,Directory,Manufacturing,National,Free,No,,,,,RFQ marketplace,directory,national,low,false,false,false,true,72,approved,manual,directory;manufacturing;national,Import as ProcurementSource and approve for configuration/scanning.
lead_sources_2026_06_12,57,IndustryNet,https://www.industrynet.com,Directory,Manufacturing,National,Free,No,,,,,,directory,national,low,false,false,false,true,72,approved,manual,directory;manufacturing;national,Import as ProcurementSource and approve for configuration/scanning.
lead_sources_2026_06_12,58,Made in California,https://www.made-in-california.com,Directory,Manufacturing,CA,Free,No,,,,,CA-specific,directory,ca,low,false,false,false,true,72,approved,manual,directory;manufacturing;ca,Import as ProcurementSource and approve for configuration/scanning.
lead_sources_2026_06_12,59,Brewers Association,https://www.brewersassociation.org/directories/breweries/,Directory,F&B,National,Free,No,,,,,Find breweries,directory,national,low,false,false,false,true,72,approved,manual,directory;f&b;national,Import as ProcurementSource and approve for configuration/scanning.
lead_sources_2026_06_12,60,CA Craft Brewers,https://www.californiacraftbeer.com/breweries/,Directory,F&B,CA,Free,Scrape,,,,,CA breweries,directory,ca,low,false,true,false,true,72,approved,found,directory;f&b;ca,Import as ProcurementSource and approve for configuration/scanning.
lead_sources_2026_06_12,61,SQF Certified Sites,https://www.sqfi.com/certified-sites/,Directory,F&B,National,Free,No,,,,,Compliance = budget,directory,national,low,false,false,false,true,72,approved,manual,directory;f&b;national,Import as ProcurementSource and approve for configuration/scanning.
lead_sources_2026_06_12,62,Food Engineering Top 100,https://www.foodengineeringmag.com/food-beverage-top-100,Directory,F&B,National,Free,No,,,,,Large companies,directory,national,low,false,false,false,true,72,approved,manual,directory;f&b;national,Import as ProcurementSource and approve for configuration/scanning.
lead_sources_2026_06_12,63,BioSpace Directory,https://www.biospace.com/employer-directory,Directory,Biotech,National,Free,No,,,,,,directory,national,low,false,false,false,true,72,approved,manual,directory;biotech;national,Import as ProcurementSource and approve for configuration/scanning.
lead_sources_2026_06_12,64,CLSA Directory,https://califesciences.org/membership-directory/,Directory,Biotech,CA,Free,No,,,,,CA life sciences,directory,ca,low,false,false,false,true,72,approved,manual,directory;biotech;ca,Import as ProcurementSource and approve for configuration/scanning.
lead_sources_2026_06_12,65,BIOCOM,https://www.biocom.org/member-directory/,Directory,Biotech,SoCal,Varies,No,,,,,May need membership,directory,socal,high,false,false,false,true,24,approved,manual,directory;biotech;socal,Import as ProcurementSource and approve for configuration/scanning.
lead_sources_2026_06_12,66,PMMI Find a Member,https://www.pmmi.org/find-a-member,Directory,Packaging,National,Free,No,,,,,OEMs,directory,national,low,false,false,false,true,72,approved,manual,directory;packaging;national,Import as ProcurementSource and approve for configuration/scanning.
lead_sources_2026_06_12,67,CPA Members,https://www.contractpackaging.org/members/,Directory,Packaging,National,Free,No,,,,,Co-packers,directory,national,low,false,false,false,true,72,approved,manual,directory;packaging;national,Import as ProcurementSource and approve for configuration/scanning.
lead_sources_2026_06_12,68,MHI Directory,https://www.mhi.org/membership/directory,Directory,Warehouse,National,Free,No,,,,,Material handling,directory,national,low,false,false,false,true,72,approved,manual,directory;warehouse;national,Import as ProcurementSource and approve for configuration/scanning.
lead_sources_2026_06_12,69,IWLA Directory,https://www.iwla.com/membership/member-directory,Directory,Warehouse,National,Free,No,,,,,3PL contacts,directory,national,low,false,false,false,true,72,approved,manual,directory;warehouse;national,Import as ProcurementSource and approve for configuration/scanning.
lead_sources_2026_06_12,70,ACWA Members,https://www.acwa.com/members/,Directory,Water,CA,Free,No,,,,,CA water agencies,directory,ca,low,false,false,false,true,72,approved,manual,directory;water;ca,Import as ProcurementSource and approve for configuration/scanning.
lead_sources_2026_06_12,71,Plastics Industry Assoc,https://www.plasticsindustry.org/directory,Directory,Plastics,National,Free,No,,,,,,directory,national,low,false,false,false,true,72,approved,manual,directory;plastics;national,Import as ProcurementSource and approve for configuration/scanning.
lead_sources_2026_06_12,72,Plastics News,https://www.plasticsnews.com,Directory,Plastics,National,Freemium,No,,,,,Top processors list,directory,national,low,false,false,false,true,72,approved,manual,directory;plastics;national,Import as ProcurementSource and approve for configuration/scanning.
lead_sources_2026_06_12,73,Indeed,https://www.indeed.com,Jobs,Board,National,Free,Yes,,,,,"Search ""controls engineer""",job_board,national,low,true,false,false,true,72,approved,configured,jobs;board;national,Import as ProcurementSource and approve for configuration/scanning.
lead_sources_2026_06_12,74,LinkedIn Jobs,https://www.linkedin.com/jobs/,Jobs,Board,National,Free,No,,,,,Filter by industry,job_board,national,low,false,false,false,true,72,approved,manual,jobs;board;national,Import as ProcurementSource and approve for configuration/scanning.
lead_sources_2026_06_12,75,ZipRecruiter,https://www.ziprecruiter.com,Jobs,Board,National,Free,Yes,,,,,Aggregates boards,job_board,national,low,true,false,false,true,72,approved,configured,jobs;board;national,Import as ProcurementSource and approve for configuration/scanning.
lead_sources_2026_06_12,76,Glassdoor,https://www.glassdoor.com,Jobs,Board,National,Free,No,,,,,Company reviews,job_board,national,low,false,false,false,true,72,approved,manual,jobs;board;national,Import as ProcurementSource and approve for configuration/scanning.
lead_sources_2026_06_12,77,CSIA Job Board,https://jobs.controlsys.org,Jobs,Industry,National,Free,No,,,,,Integrators hiring,job_board,national,low,false,false,false,true,72,approved,manual,jobs;industry;national,Import as ProcurementSource and approve for configuration/scanning.
lead_sources_2026_06_12,78,ISA Jobs,https://jobs.isa.org,Jobs,Industry,National,Free,No,,,,,,job_board,national,low,false,false,false,true,72,approved,manual,jobs;industry;national,Import as ProcurementSource and approve for configuration/scanning.
lead_sources_2026_06_12,79,Automation.com Jobs,https://www.automation.com/en-us/jobs,Jobs,Industry,National,Free,No,,,,,,job_board,national,low,false,false,false,true,72,approved,manual,jobs;industry;national,Import as ProcurementSource and approve for configuration/scanning.
lead_sources_2026_06_12,80,Control Engineering Jobs,https://www.controleng.com/careers,Jobs,Industry,National,Free,No,,,,,,job_board,national,low,false,false,false,true,72,approved,manual,jobs;industry;national,Import as ProcurementSource and approve for configuration/scanning.
lead_sources_2026_06_12,81,Rockwell PartnerNetwork,https://www.rockwellautomation.com/en-us/company/partnernetwork.html,Partner,Automation,National,Free,No,,,,,"Lead Pass, locator",directory,national,medium,false,false,false,false,72,candidate,manual,partner;automation;national,Keep as research/channel source; do not auto-scan yet.
lead_sources_2026_06_12,82,Inductive Automation Integrator,https://inductiveautomation.com/integrators,Partner,Automation,National,Free,No,,,,,Requires certs,directory,national,medium,false,false,true,false,72,candidate,manual,partner;automation;national,Create account or confirm credential requirements before enabling scans.
lead_sources_2026_06_12,83,Siemens Solution Partner,https://www.siemens.com/global/en/products/automation/partners.html,Partner,Automation,National,Tiered,No,,,,,Less common in SoCal,directory,national,medium,false,false,false,false,72,candidate,manual,partner;automation;national,Keep as research/channel source; do not auto-scan yet.
lead_sources_2026_06_12,84,AVEVA (Wonderware) SI,https://www.aveva.com/en/partners/,Partner,Automation,National,Paid,No,,,,,Legacy upgrades,directory,national,medium,false,false,false,false,72,candidate,manual,partner;automation;national,Keep as research/channel source; do not auto-scan yet.
lead_sources_2026_06_12,85,Beckhoff Partner,https://www.beckhoff.com/en-us/company/partner/,Partner,Automation,National,Free,No,,,,,TwinCAT,directory,national,medium,false,false,false,false,72,candidate,manual,partner;automation;national,Keep as research/channel source; do not auto-scan yet.
lead_sources_2026_06_12,86,Universal Robots CSI,https://www.universal-robots.com/certified-system-integrators/,Partner,Robotics,National,Free,No,,,,,"Easy entry, cobots",directory,national,medium,false,false,false,false,72,candidate,manual,partner;robotics;national,Keep as research/channel source; do not auto-scan yet.
lead_sources_2026_06_12,87,FANUC Authorized,https://www.fanucamerica.com/support/authorized-integrators,Partner,Robotics,National,Paid,No,,,,,Most common robot,directory,national,medium,false,false,false,false,72,candidate,manual,partner;robotics;national,Keep as research/channel source; do not auto-scan yet.
lead_sources_2026_06_12,88,Cognex Partners,https://www.cognex.com/partners,Partner,Vision,National,Tiered,No,,,,,,directory,national,medium,false,false,false,false,72,candidate,manual,partner;vision;national,Keep as research/channel source; do not auto-scan yet.
lead_sources_2026_06_12,89,CSIA,https://controlsys.org,Association,Controls,National,~$2K/yr,No,,,,,Best ROI for integrators,custom,national,high,false,false,false,false,24,candidate,manual,association;controls;national,Keep as research/channel source; do not auto-scan yet.
lead_sources_2026_06_12,90,CSIA Exchange,https://www.csiaexchange.com,Association,Controls,National,Included,No,,,,,End users find integrators,custom,national,medium,false,false,false,false,72,candidate,manual,association;controls;national,Keep as research/channel source; do not auto-scan yet.
lead_sources_2026_06_12,91,ISA,https://www.isa.org,Association,Controls,National,~$150/yr,No,,,,,"Certifications, networking",custom,national,medium,false,false,false,false,72,candidate,manual,association;controls;national,Keep as research/channel source; do not auto-scan yet.
lead_sources_2026_06_12,92,A3,https://www.automate.org,Association,Robotics,National,~$500/yr,No,,,,,Automate show,directory,national,medium,false,false,false,false,72,candidate,manual,association;robotics;national,Keep as research/channel source; do not auto-scan yet.
lead_sources_2026_06_12,93,AWWA,https://www.awwa.org,Association,Water,National,~$200/yr,No,,,,,Water industry,directory,national,medium,false,false,false,false,72,candidate,manual,association;water;national,Keep as research/channel source; do not auto-scan yet.
lead_sources_2026_06_12,94,CWEA,https://www.cwea.org,Association,Water,CA,~$150/yr,No,,,,,"CA water, good network",directory,ca,medium,false,false,false,false,72,candidate,manual,association;water;ca,Keep as research/channel source; do not auto-scan yet.
lead_sources_2026_06_12,95,CMTA,https://cmta.net,Association,Manufacturing,CA,~$500/yr,No,,,,,CA manufacturers,directory,ca,medium,false,false,false,false,72,candidate,manual,association;manufacturing;ca,Keep as research/channel source; do not auto-scan yet.
lead_sources_2026_06_12,96,OC Business Council,https://www.ocbc.org,Association,Regional,OC,~$500/yr,No,,,,,OC networking,custom,oc,medium,false,false,false,false,72,candidate,manual,association;regional;oc,Keep as research/channel source; do not auto-scan yet.
lead_sources_2026_06_12,97,r/PLC,https://reddit.com/r/PLC,Forum,Reddit,National,Free,Yes,,,,,"Help requests, contractors",custom,national,low,true,false,false,false,72,candidate,configured,forum;reddit;national,Keep as research/channel source; do not auto-scan yet.
lead_sources_2026_06_12,98,r/SCADA,https://reddit.com/r/SCADA,Forum,Reddit,National,Free,Yes,,,,,SCADA projects,custom,national,low,true,false,false,false,72,candidate,configured,forum;reddit;national,Keep as research/channel source; do not auto-scan yet.
lead_sources_2026_06_12,99,r/automation,https://reddit.com/r/automation,Forum,Reddit,National,Free,Yes,,,,,General,custom,national,low,true,false,false,false,72,candidate,configured,forum;reddit;national,Keep as research/channel source; do not auto-scan yet.
lead_sources_2026_06_12,100,PLCTalk,https://www.plctalk.net,Forum,Industry,National,Free,No,,,,,"Job board, help wanted",job_board,national,low,false,false,false,false,72,candidate,manual,forum;industry;national,Keep as research/channel source; do not auto-scan yet.
lead_sources_2026_06_12,101,MrPLC,https://www.mrplc.com,Forum,Industry,National,Free,No,,,,,Good community,job_board,national,low,false,false,false,false,72,candidate,manual,forum;industry;national,Keep as research/channel source; do not auto-scan yet.
lead_sources_2026_06_12,102,Control.com,https://control.com,Forum,Industry,National,Free,No,,,,,Process-focused,job_board,national,low,false,false,false,false,72,candidate,manual,forum;industry;national,Keep as research/channel source; do not auto-scan yet.
lead_sources_2026_06_12,103,Eng-Tips,https://www.eng-tips.com,Forum,Industry,National,Free,No,,,,,Multi-discipline,job_board,national,low,false,false,false,false,72,candidate,manual,forum;industry;national,Keep as research/channel source; do not auto-scan yet.
lead_sources_2026_06_12,104,Ignition Forum,https://forum.inductiveautomation.com,Forum,Industry,National,Free,No,,,,,Great for reputation,job_board,national,low,false,false,false,false,72,candidate,manual,forum;industry;national,Keep as research/channel source; do not auto-scan yet.
lead_sources_2026_06_12,105,LinkedIn - PLC Programmers,https://www.linkedin.com/groups/45627/,Forum,LinkedIn,National,Free,No,,,,,Don't spam,custom,national,low,false,false,false,false,72,candidate,manual,forum;linkedin;national,Keep as research/channel source; do not auto-scan yet.
lead_sources_2026_06_12,106,LinkedIn - Industrial Automation,https://www.linkedin.com/groups/68417/,Forum,LinkedIn,National,Free,No,,,,,,custom,national,low,false,false,false,false,72,candidate,manual,forum;linkedin;national,Keep as research/channel source; do not auto-scan yet.
lead_sources_2026_06_12,107,Control Engineering,https://www.controleng.com,News,Trade Pub,National,Free,No,,,,,Subscribe to newsletter,custom,national,low,false,false,false,true,72,approved,manual,news;trade pub;national,Import as ProcurementSource and approve for configuration/scanning.
lead_sources_2026_06_12,108,Automation World,https://www.automationworld.com,News,Trade Pub,National,Free,No,,,,,Packaging-heavy,custom,national,low,false,false,false,true,72,approved,manual,news;trade pub;national,Import as ProcurementSource and approve for configuration/scanning.
lead_sources_2026_06_12,109,Food Engineering,https://www.foodengineeringmag.com,News,Trade Pub,National,Free,No,,,,,Top 100 list is gold,custom,national,high,false,false,false,true,24,approved,manual,news;trade pub;national,Import as ProcurementSource and approve for configuration/scanning.
lead_sources_2026_06_12,110,Packaging World,https://www.packworld.com,News,Trade Pub,National,Free,No,,,,,New facility announcements,custom,national,low,false,false,false,true,72,approved,manual,news;trade pub;national,Import as ProcurementSource and approve for configuration/scanning.
lead_sources_2026_06_12,111,LA Business Journal,https://labusinessjournal.com,News,Business,LA,Paywall,No,,,,,LA manufacturing news,custom,la,low,false,false,false,true,72,approved,manual,news;business;la,Import as ProcurementSource and approve for configuration/scanning.
lead_sources_2026_06_12,112,OC Register Business,https://www.ocregister.com/business/,News,Business,OC,Freemium,No,,,,,Local news,custom,oc,low,false,false,false,true,72,approved,manual,news;business;oc,Import as ProcurementSource and approve for configuration/scanning.
lead_sources_2026_06_12,113,Google Alerts,https://www.google.com/alerts,News,Alerts,-,Free,No,,,,,See queries below,custom,national,low,false,false,false,true,72,approved,manual,news;alerts;-,Import as ProcurementSource and approve for configuration/scanning.
lead_sources_2026_06_12,114,LinkedIn,https://www.linkedin.com,Tool,Research,National,Free,No,,,,,"Company pages, employees",custom,national,low,false,false,false,false,72,candidate,manual,tool;research;national,Keep as research/channel source; do not auto-scan yet.
lead_sources_2026_06_12,115,Crunchbase,https://www.crunchbase.com,Tool,Research,National,Freemium,Yes,,,,,Startup funding data,custom,national,low,true,false,false,false,72,candidate,configured,tool;research;national,Keep as research/channel source; do not auto-scan yet.
lead_sources_2026_06_12,116,CA SOS Business Search,https://bizfileonline.sos.ca.gov/search/business,Tool,Research,CA,Free,No,,,,,Verify companies,custom,ca,low,false,false,false,false,72,candidate,manual,tool;research;ca,Keep as research/channel source; do not auto-scan yet.
lead_sources_2026_06_12,117,Import Yeti,https://www.importyeti.com,Tool,Research,National,Free,No,,,,,Find manufacturers,custom,national,low,false,false,false,false,72,candidate,manual,tool;research;national,Keep as research/channel source; do not auto-scan yet.
lead_sources_2026_06_12,118,Apollo.io,https://www.apollo.io,Tool,Outreach,National,Freemium,Yes,,,,,Best value,custom,national,low,true,false,false,false,72,candidate,configured,tool;outreach;national,Keep as research/channel source; do not auto-scan yet.
lead_sources_2026_06_12,119,Hunter.io,https://hunter.io,Tool,Email,National,Free 25/mo,Yes,,,,,Find/verify emails,custom,national,low,true,false,false,false,72,candidate,configured,tool;email;national,Keep as research/channel source; do not auto-scan yet.
lead_sources_2026_06_12,120,LinkedIn Sales Nav,https://business.linkedin.com/sales-solutions/sales-navigator,Tool,Outreach,National,~$100/mo,No,,,,,"Advanced search, InMail",custom,national,low,false,false,false,false,72,candidate,manual,tool;outreach;national,Keep as research/channel source; do not auto-scan yet.
lead_sources_2026_06_12,121,ZoomInfo,https://www.zoominfo.com,Tool,Research,National,$$$$,Yes,,,,,Too expensive,custom,national,low,true,false,false,false,72,candidate,configured,tool;research;national,Keep as research/channel source; do not auto-scan yet.
lead_sources_2026_06_12,122,Automate,https://www.automateshow.com,Event,Show,National,~$50,-,,,,,Best automation show,custom,national,medium,false,false,false,false,72,candidate,manual,event;show;national,Keep as research/channel source; do not auto-scan yet.
lead_sources_2026_06_12,123,PACK EXPO,https://www.packexpo.com,Event,Show,National,~$50,-,,,,,Packaging industry,custom,national,medium,false,false,false,false,72,candidate,manual,event;show;national,Keep as research/channel source; do not auto-scan yet.
lead_sources_2026_06_12,124,Rockwell Automation Fair,https://www.rockwellautomation.com/en-us/company/events/in-person-events/automation-fair.html,Event,Show,National,Free,-,,,,,Rockwell ecosystem,custom,national,medium,false,false,false,false,72,candidate,manual,event;show;national,Keep as research/channel source; do not auto-scan yet.
lead_sources_2026_06_12,125,Ignition ICC,https://inductiveautomation.com/icc,Event,Show,CA,~$500,-,,,,,Must-attend for Ignition,custom,ca,high,false,false,false,false,24,candidate,manual,event;show;ca,Keep as research/channel source; do not auto-scan yet.
lead_sources_2026_06_12,126,WestPack,https://www.westpack.com,Event,Show,SoCal,~$50,-,,,,,"Local, Anaheim",custom,socal,medium,false,false,false,false,72,candidate,manual,event;show;socal,Keep as research/channel source; do not auto-scan yet.
lead_sources_2026_06_12,127,AWWA ACE,https://www.awwa.org/ace,Event,Show,National,~$500,-,,,,,Water industry,custom,national,medium,false,false,false,false,72,candidate,manual,event;show;national,Keep as research/channel source; do not auto-scan yet.
